{"class":"SpotLight","persistentId":"f624c11d-9aad-4abb-b408-7b0dc121974f","__parent":"lights","position":[720.680908,498.255676,17.7307243],"animate":false,"brightness":2,"color":[0.0117646456,0.0117646456,1,1],"flareScale":0.5,"flareType":"vehicleReverseLightFlare","innerAngle":65,"lastSplitTerrainOnly":true,"locked":true,"logWeight":0.975000024,"outerAngle":150,"overDarkFactor":[12000,12000,12000,1000],"range":40,"rotationMatrix":[1,0,0,0,0.865704,-0.500555634,0,0.500555634,0.865704],"shadowDarkenColor":[9.99999997e-07,9.99989993e-07,9.99989993e-07,0],"shadowDistance":250,"shadowSoftness":0.25}
