{"class":"DecalRoad","persistentId":"1ca35b2c-d4b0-440e-98e2-1a2700602143","__parent":"invroads","position":[1343.77808,-720.07312,22.223278],"breakAngle":1,"drivability":1,"gatedRoad":true,"improvedSpline":true,"lanesLeft":8,"lanesRight":8,"locked":true,"material":"road_invisible","nodes":[[1343.77808,-720.07312,22.223278,35],[1207.46558,-721.082275,24.9720039,35],[1139.43323,-720.682251,21.7000885,35]],"oneWay":true,"overObjects":true,"renderPriority":18,"startEndFade":[10,10],"textureLength":64}
